Ref,Val,Package,PosX,PosY,Rot,Side
"C3","470uF 35V","CP_Radial_D10.0mm_P5.00mm",91.250000,-53.750000,0.000000,top
"C4","100nF","C_Disc_D5.0mm_W2.5mm_P5.00mm",42.000000,-54.500000,90.000000,top
"C5","100nF","C_Disc_D5.0mm_W2.5mm_P5.00mm",50.100000,-66.025000,-90.000000,top
"C6","100nF","C_Disc_D5.0mm_W2.5mm_P5.00mm",27.000000,-57.000000,180.000000,top
"C7","47uF 25V","CP_Radial_D5.0mm_P2.00mm",43.000000,-71.500000,0.000000,top
"D1","5KP18A","D_P600_R-6_P20.00mm_Horizontal",62.000000,-20.500000,0.000000,top
"D2","1N5822","D_Multicomp_1N5822_DO27_P15.24mm",36.000000,-32.000000,180.000000,top
"D3","1N5822","D_Multicomp_1N5822_DO27_P15.24mm",36.000000,-40.000000,180.000000,top
"D4","1N4007","D_DO-41_SOD81_P10.16mm_Horizontal",77.330000,-52.000000,180.000000,top
"FAN1","FAN1 heatsink 3007","PinHeader_1x04_P2.54mm_Vertical",88.600000,-83.600000,-90.000000,top
"FAN2","FAN2 case","PinHeader_1x04_P2.54mm_Vertical",88.560000,-90.800000,-90.000000,top
"FAN3","FAN3 case","PinHeader_1x04_P2.54mm_Vertical",88.580000,-98.250000,-90.000000,top
"J1","PWR INPUT","PhoenixContact_MC_1,5_4-G-5.08_1x04_P5.08mm_Horizontal",16.800000,-27.200000,-90.000000,top
"J2","PWR OUTPUT","PhoenixContact_MC_1,5_2-G-5.08_1x02_P5.08mm_Horizontal",97.267500,-33.290000,90.000000,top
"J3","Pi interface / ISP","PinHeader_2x05_P2.54mm_Vertical",24.990000,-93.750000,90.000000,top
"J4","AVR ISP 3V3","PinHeader_2x03_P2.54mm_Vertical",48.000000,-47.000000,0.000000,top
"JP1","RELAY BYPASS","Phoenix_MKDS_1_2_3.5_1751248",94.500000,-42.000000,180.000000,top
"K1","G2RL-1A DC12","Relay_SPST_Omron_G2RL-1A",60.000000,-40.000000,90.000000,top
"LED1","LED 3mm","LED_D3.0mm",78.740000,-76.200000,180.000000,top
"LED2","LED 3mm","LED_D3.0mm",92.600000,-76.200000,0.000000,top
"LED3","LED 3mm","LED_D3.0mm",86.540000,-76.200000,180.000000,top
"Q2","BC337-40","TO-92_Inline_Wide",67.140000,-58.700000,-90.000000,top
"Q3","2N7000","TO-92_Inline_Wide",65.209999,-98.200000,0.000000,top
"R1","68k","R_Axial_DIN0207_L6.3mm_D2.5mm_P10.16mm_Horizontal",53.280000,-19.200000,180.000000,top
"R2","15k","R_Axial_DIN0207_L6.3mm_D2.5mm_P10.16mm_Horizontal",43.120000,-25.800000,0.000000,top
"R3","1k","R_Axial_DIN0207_L6.3mm_D2.5mm_P10.16mm_Horizontal",49.420000,-63.000000,0.000000,top
"R4","100R","R_Axial_DIN0207_L6.3mm_D2.5mm_P10.16mm_Horizontal",44.350000,-98.660000,0.000000,top
"R5","10k","R_Axial_DIN0207_L6.3mm_D2.5mm_P10.16mm_Horizontal",54.570000,-93.880000,180.000000,top
"R6","2.2k","R_Axial_DIN0207_L6.3mm_D2.5mm_P10.16mm_Horizontal",24.480000,-53.600000,180.000000,top
"R7","1k","R_Axial_DIN0207_L6.3mm_D2.5mm_P10.16mm_Horizontal",24.550000,-82.480000,90.000000,top
"R8","1k","R_Axial_DIN0207_L6.3mm_D2.5mm_P10.16mm_Horizontal",29.450000,-82.480000,90.000000,top
"R9","1k","R_Axial_DIN0207_L6.3mm_D2.5mm_P10.16mm_Horizontal",77.080000,-90.950000,180.000000,top
"R11","10k","R_Axial_DIN0207_L6.3mm_D2.5mm_P10.16mm_Horizontal",39.080000,-49.250000,180.000000,top
"R12","10k","R_Axial_DIN0207_L6.3mm_D2.5mm_P10.16mm_Horizontal",20.500000,-46.000000,0.000000,top
"R13","1k","R_Axial_DIN0207_L6.3mm_D2.5mm_P10.16mm_Horizontal",16.670000,-67.500000,0.000000,top
"R14","2.2k","R_Axial_DIN0207_L6.3mm_D2.5mm_P10.16mm_Horizontal",72.350000,-68.750000,0.000000,top
"R15","2.2k","R_Axial_DIN0207_L6.3mm_D2.5mm_P10.16mm_Horizontal",89.320000,-67.000000,0.000000,top
"R16","1k","R_Axial_DIN0207_L6.3mm_D2.5mm_P10.16mm_Horizontal",84.000000,-47.040000,-90.000000,top
"R17","1k","R_Axial_DIN0207_L6.3mm_D2.5mm_P10.16mm_Horizontal",55.000000,-46.000000,0.000000,top
"R18","1k","R_Axial_DIN0207_L6.3mm_D2.5mm_P10.16mm_Horizontal",54.000000,-54.000000,0.000000,top
"R19","1k","R_Axial_DIN0207_L6.3mm_D2.5mm_P10.16mm_Horizontal",48.000000,-58.000000,0.000000,top
"R20","1R","R_Axial_DIN0207_L6.3mm_D2.5mm_P10.16mm_Horizontal",30.000000,-68.000000,0.000000,top
"SW1","PUSH TO TEST","SW_PUSH_6mm_H4.3mm",72.350000,-72.250000,-90.000000,top
"U1","ATtiny85-20P","DIP-8_W7.62mm",30.380000,-55.380000,0.000000,top
"U2","LM2936Z-3.3","TO-92_Inline_Wide",42.250000,-66.300000,0.000000,top
"U3","PC817","DIP-4_W7.62mm",18.875000,-72.000000,-90.000000,top
"Z2","BZX55C3V6","D_DO-35_SOD27_P7.62mm_Horizontal",27.000000,-61.500000,180.000000,top
