Designator,Footprint,Reference X (mm),Reference Y (mm),Side,Rotation (deg CCW),Coordinate Basis
C3,CP_Radial_D10.0mm_P5.00mm,91.250000,-53.750000,Top,0.0,KiCad footprint anchor; not body centroid
C4,C_Disc_D5.0mm_W2.5mm_P5.00mm,42.000000,-54.500000,Top,90.0,KiCad footprint anchor; not body centroid
C5,C_Disc_D5.0mm_W2.5mm_P5.00mm,50.100000,-66.025000,Top,270.0,KiCad footprint anchor; not body centroid
C6,C_Disc_D5.0mm_W2.5mm_P5.00mm,27.000000,-57.000000,Top,180.0,KiCad footprint anchor; not body centroid
C7,CP_Radial_D5.0mm_P2.00mm,43.000000,-71.500000,Top,0.0,KiCad footprint anchor; not body centroid
D1,D_P600_R-6_P20.00mm_Horizontal,62.000000,-20.500000,Top,0.0,KiCad footprint anchor; not body centroid
D2,D_Multicomp_1N5822_DO27_P15.24mm,36.000000,-32.000000,Top,180.0,KiCad footprint anchor; not body centroid
D3,D_Multicomp_1N5822_DO27_P15.24mm,36.000000,-40.000000,Top,180.0,KiCad footprint anchor; not body centroid
D4,D_DO-41_SOD81_P10.16mm_Horizontal,77.330000,-52.000000,Top,180.0,KiCad footprint anchor; not body centroid
FAN1,PinHeader_1x04_P2.54mm_Vertical,88.600000,-83.600000,Top,270.0,KiCad footprint anchor; not body centroid
FAN2,PinHeader_1x04_P2.54mm_Vertical,88.560000,-90.800000,Top,270.0,KiCad footprint anchor; not body centroid
FAN3,PinHeader_1x04_P2.54mm_Vertical,88.580000,-98.250000,Top,270.0,KiCad footprint anchor; not body centroid
J1,"PhoenixContact_MC_1,5_4-G-5.08_1x04_P5.08mm_Horizontal",16.800000,-27.200000,Top,270.0,KiCad footprint anchor; not body centroid
J2,"PhoenixContact_MC_1,5_2-G-5.08_1x02_P5.08mm_Horizontal",97.267500,-33.290000,Top,90.0,KiCad footprint anchor; not body centroid
J3,PinHeader_2x05_P2.54mm_Vertical,24.990000,-93.750000,Top,90.0,KiCad footprint anchor; not body centroid
J4,PinHeader_2x03_P2.54mm_Vertical,48.000000,-47.000000,Top,0.0,KiCad footprint anchor; not body centroid
JP1,Phoenix_MKDS_1_2_3.5_1751248,94.500000,-42.000000,Top,180.0,KiCad footprint anchor; not body centroid
K1,Relay_SPST_Omron_G2RL-1A,60.000000,-40.000000,Top,90.0,KiCad footprint anchor; not body centroid
LED1,LED_D3.0mm,78.740000,-76.200000,Top,180.0,KiCad footprint anchor; not body centroid
LED2,LED_D3.0mm,92.600000,-76.200000,Top,0.0,KiCad footprint anchor; not body centroid
LED3,LED_D3.0mm,86.540000,-76.200000,Top,180.0,KiCad footprint anchor; not body centroid
Q2,TO-92_Inline_Wide,67.140000,-58.700000,Top,270.0,KiCad footprint anchor; not body centroid
Q3,TO-92_Inline_Wide,65.209999,-98.200000,Top,0.0,KiCad footprint anchor; not body centroid
R1,R_Axial_DIN0207_L6.3mm_D2.5mm_P10.16mm_Horizontal,53.280000,-19.200000,Top,180.0,KiCad footprint anchor; not body centroid
R2,R_Axial_DIN0207_L6.3mm_D2.5mm_P10.16mm_Horizontal,43.120000,-25.800000,Top,0.0,KiCad footprint anchor; not body centroid
R3,R_Axial_DIN0207_L6.3mm_D2.5mm_P10.16mm_Horizontal,49.420000,-63.000000,Top,0.0,KiCad footprint anchor; not body centroid
R4,R_Axial_DIN0207_L6.3mm_D2.5mm_P10.16mm_Horizontal,44.350000,-98.660000,Top,0.0,KiCad footprint anchor; not body centroid
R5,R_Axial_DIN0207_L6.3mm_D2.5mm_P10.16mm_Horizontal,54.570000,-93.880000,Top,180.0,KiCad footprint anchor; not body centroid
R6,R_Axial_DIN0207_L6.3mm_D2.5mm_P10.16mm_Horizontal,24.480000,-53.600000,Top,180.0,KiCad footprint anchor; not body centroid
R7,R_Axial_DIN0207_L6.3mm_D2.5mm_P10.16mm_Horizontal,24.550000,-82.480000,Top,90.0,KiCad footprint anchor; not body centroid
R8,R_Axial_DIN0207_L6.3mm_D2.5mm_P10.16mm_Horizontal,29.450000,-82.480000,Top,90.0,KiCad footprint anchor; not body centroid
R9,R_Axial_DIN0207_L6.3mm_D2.5mm_P10.16mm_Horizontal,77.080000,-90.950000,Top,180.0,KiCad footprint anchor; not body centroid
R11,R_Axial_DIN0207_L6.3mm_D2.5mm_P10.16mm_Horizontal,39.080000,-49.250000,Top,180.0,KiCad footprint anchor; not body centroid
R12,R_Axial_DIN0207_L6.3mm_D2.5mm_P10.16mm_Horizontal,20.500000,-46.000000,Top,0.0,KiCad footprint anchor; not body centroid
R13,R_Axial_DIN0207_L6.3mm_D2.5mm_P10.16mm_Horizontal,16.670000,-67.500000,Top,0.0,KiCad footprint anchor; not body centroid
R14,R_Axial_DIN0207_L6.3mm_D2.5mm_P10.16mm_Horizontal,72.350000,-68.750000,Top,0.0,KiCad footprint anchor; not body centroid
R15,R_Axial_DIN0207_L6.3mm_D2.5mm_P10.16mm_Horizontal,89.320000,-67.000000,Top,0.0,KiCad footprint anchor; not body centroid
R16,R_Axial_DIN0207_L6.3mm_D2.5mm_P10.16mm_Horizontal,84.000000,-47.040000,Top,270.0,KiCad footprint anchor; not body centroid
R17,R_Axial_DIN0207_L6.3mm_D2.5mm_P10.16mm_Horizontal,55.000000,-46.000000,Top,0.0,KiCad footprint anchor; not body centroid
R18,R_Axial_DIN0207_L6.3mm_D2.5mm_P10.16mm_Horizontal,54.000000,-54.000000,Top,0.0,KiCad footprint anchor; not body centroid
R19,R_Axial_DIN0207_L6.3mm_D2.5mm_P10.16mm_Horizontal,48.000000,-58.000000,Top,0.0,KiCad footprint anchor; not body centroid
R20,R_Axial_DIN0207_L6.3mm_D2.5mm_P10.16mm_Horizontal,30.000000,-68.000000,Top,0.0,KiCad footprint anchor; not body centroid
SW1,SW_PUSH_6mm_H4.3mm,72.350000,-72.250000,Top,270.0,KiCad footprint anchor; not body centroid
U1,DIP-8_W7.62mm,30.380000,-55.380000,Top,0.0,KiCad footprint anchor; not body centroid
U2,TO-92_Inline_Wide,42.250000,-66.300000,Top,0.0,KiCad footprint anchor; not body centroid
U3,DIP-4_W7.62mm,18.875000,-72.000000,Top,270.0,KiCad footprint anchor; not body centroid
Z2,D_DO-35_SOD27_P7.62mm_Horizontal,27.000000,-61.500000,Top,180.0,KiCad footprint anchor; not body centroid
