Designator,Mid X,Mid Y,Layer,Rotation
C3,91.250000,-53.750000,Top,0.000000
C4,42.000000,-54.500000,Top,90.000000
C5,50.100000,-66.025000,Top,270.000000
C6,27.000000,-57.000000,Top,180.000000
C7,43.000000,-71.500000,Top,0.000000
D1,62.000000,-20.500000,Top,0.000000
D2,36.000000,-32.000000,Top,180.000000
D3,36.000000,-40.000000,Top,180.000000
D4,77.330000,-52.000000,Top,180.000000
FAN1,88.600000,-83.600000,Top,270.000000
FAN2,88.560000,-90.800000,Top,270.000000
FAN3,88.580000,-98.250000,Top,270.000000
J1,16.800000,-27.200000,Top,270.000000
J2,97.267500,-33.290000,Top,90.000000
J3,24.990000,-93.750000,Top,90.000000
J4,48.000000,-47.000000,Top,0.000000
JP1,94.500000,-42.000000,Top,180.000000
K1,60.000000,-40.000000,Top,90.000000
LED1,78.740000,-76.200000,Top,180.000000
LED2,92.600000,-76.200000,Top,0.000000
LED3,86.540000,-76.200000,Top,180.000000
Q2,67.140000,-58.700000,Top,270.000000
Q3,65.209999,-98.200000,Top,0.000000
R1,53.280000,-19.200000,Top,180.000000
R2,43.120000,-25.800000,Top,0.000000
R3,49.420000,-63.000000,Top,0.000000
R4,44.350000,-98.660000,Top,0.000000
R5,54.570000,-93.880000,Top,180.000000
R6,24.480000,-53.600000,Top,180.000000
R7,24.550000,-82.480000,Top,90.000000
R8,29.450000,-82.480000,Top,90.000000
R9,77.080000,-90.950000,Top,180.000000
R11,39.080000,-49.250000,Top,180.000000
R12,20.500000,-46.000000,Top,0.000000
R13,16.670000,-67.500000,Top,0.000000
R14,72.350000,-68.750000,Top,0.000000
R15,89.320000,-67.000000,Top,0.000000
R16,84.000000,-47.040000,Top,270.000000
R17,55.000000,-46.000000,Top,0.000000
R18,54.000000,-54.000000,Top,0.000000
R19,48.000000,-58.000000,Top,0.000000
R20,30.000000,-68.000000,Top,0.000000
SW1,72.350000,-72.250000,Top,270.000000
U1,30.380000,-55.380000,Top,0.000000
U2,42.250000,-66.300000,Top,0.000000
U3,18.875000,-72.000000,Top,270.000000
Z2,27.000000,-61.500000,Top,180.000000
