"Reference","Value","Footprint","Manufacturer","MPN","Farnell","LCSC","QUANTITY","DNP","Assembly Manufacturer","Assembly MPN","Assembly LCSC","Assembly Notes","Datasheet","Socket Datasheet"
"C3","470uF 35V","Capacitor_THT:CP_Radial_D10.0mm_P5.00mm","Panasonic","EEUFR1V471","","C178715","1","","Panasonic","EEUFR1V471","C178715","10 mm diameter; 5 mm lead pitch. Do not substitute EEUFR1V471L.","https://industrial.panasonic.com/content/data/CP/PDF/S_Alm_A_cap_catalog_am.pdf",""
"C4","100nF","Capacitor_THT:C_Disc_D5.0mm_W2.5mm_P5.00mm","TDK","FG28X7R1H104KNT00","","C448595","1","","TDK","FG28X7R1H104KNT00","C448595","100 nF 50 V X7R 10%; radial 5 mm pitch.","https://product.tdk.com/en/search/capacitor/ceramic/lead-mlcc/info?part_no=FG28X7R1H104KNT00",""
"C5","100nF","Capacitor_THT:C_Disc_D5.0mm_W2.5mm_P5.00mm","TDK","FG28X7R1H104KNT00","","C448595","1","","TDK","FG28X7R1H104KNT00","C448595","100 nF 50 V X7R 10%; radial 5 mm pitch.","https://product.tdk.com/en/search/capacitor/ceramic/lead-mlcc/info?part_no=FG28X7R1H104KNT00",""
"C6","100nF","Capacitor_THT:C_Disc_D5.0mm_W2.5mm_P5.00mm","TDK","FG28X7R1H104KNT00","","C448595","1","","TDK","FG28X7R1H104KNT00","C448595","100 nF 50 V X7R 10%; radial 5 mm pitch.","https://product.tdk.com/en/search/capacitor/ceramic/lead-mlcc/info?part_no=FG28X7R1H104KNT00",""
"C7","47uF 25V","Capacitor_THT:CP_Radial_D5.0mm_P2.00mm","Panasonic","EEUFR1E470","","C407893","1","","Panasonic","EEUFR1E470","C407893","","https://industrial.panasonic.com/cdbs/www-data/pdf/RDF0000/ABA0000C1259.pdf",""
"D1","5KP18A","Diode_THT:D_P600_R-6_P20.00mm_Horizontal","Diotec Semiconductor","5KP18A","","","1","","Diotec Semiconductor","5KP18A","","","https://diotec.com/tl_files/diotec/files/pdf/datasheets/5kp65.pdf",""
"D2","1N5822","S660-PDB:D_Multicomp_1N5822_DO27_P15.24mm","Multicomp Pro","1N5822","4050109","","1","","Multicomp Pro","1N5822","","Exact Farnell 4050109 DO-27 package; do not substitute DO-201 without footprint review.","https://www.farnell.com/datasheets/3750001.pdf",""
"D3","1N5822","S660-PDB:D_Multicomp_1N5822_DO27_P15.24mm","Multicomp Pro","1N5822","4050109","","1","","Multicomp Pro","1N5822","","Exact Farnell 4050109 DO-27 package; do not substitute DO-201 without footprint review.","https://www.farnell.com/datasheets/3750001.pdf",""
"D4","1N4007","Diode_THT:D_DO-41_SOD81_P10.16mm_Horizontal","Vishay","1N4007-E3/54","","","1","","Vishay","1N4007-E3/54","","","https://www.vishay.com/docs/88503/1n4001.pdf",""
"FAN1","FAN1 heatsink 3007","Connector_PinHeader_2.54mm:PinHeader_1x04_P2.54mm_Vertical","Samtec","TSW-104-07-G-S","","","1","","Samtec","TSW-104-07-G-S","","Fit male 1x4 header, not a fan. Verify finished-hole fit with assembler.","https://suddendocs.samtec.com/prints/tsw-xxx-xx-xxx-x-xx-xxx-mkt.pdf",""
"FAN2","FAN2 case","Connector_PinHeader_2.54mm:PinHeader_1x04_P2.54mm_Vertical","Samtec","TSW-104-07-G-S","","","1","","Samtec","TSW-104-07-G-S","","Fit male 1x4 header, not a fan. Verify finished-hole fit with assembler.","https://suddendocs.samtec.com/prints/tsw-xxx-xx-xxx-x-xx-xxx-mkt.pdf",""
"FAN3","FAN3 case","Connector_PinHeader_2.54mm:PinHeader_1x04_P2.54mm_Vertical","Samtec","TSW-104-07-G-S","","","1","","Samtec","TSW-104-07-G-S","","Fit male 1x4 header, not a fan. Verify finished-hole fit with assembler.","https://suddendocs.samtec.com/prints/tsw-xxx-xx-xxx-x-xx-xxx-mkt.pdf",""
"H1","MountingHole","MountingHole:MountingHole_3.2mm_M3","","","","","1","","","","","","",""
"H2","MountingHole","MountingHole:MountingHole_3.2mm_M3","","","","","1","","","","","","",""
"H3","MountingHole","MountingHole:MountingHole_3.2mm_M3","","","","","1","","","","","","",""
"H4","MountingHole","MountingHole:MountingHole_3.2mm_M3","","","","","1","","","","","","",""
"J1","PWR INPUT","Connector_Phoenix_MC_HighVoltage:PhoenixContact_MC_1,5_4-G-5.08_1x04_P5.08mm_Horizontal","Phoenix Contact","1836202","","C5444352","1","","Phoenix Contact","1836202","C5444352","PCB header only; mating cable plug not included.","",""
"J2","PWR OUTPUT","Connector_Phoenix_MC_HighVoltage:PhoenixContact_MC_1,5_2-G-5.08_1x02_P5.08mm_Horizontal","Phoenix Contact","1836189","","C5355140","1","","Phoenix Contact","1836189","C5355140","PCB header only; mating cable plug not included.","",""
"J3","Pi interface / ISP","Connector_PinHeader_2.54mm:PinHeader_2x05_P2.54mm_Vertical","Samtec","TSW-105-07-G-D","","","1","","Samtec","TSW-105-07-G-D","","Male 2x5 header; verify finished-hole fit with assembler.","https://suddendocs.samtec.com/prints/tsw-xxx-xx-xxx-x-xx-xxx-mkt.pdf",""
"J4","AVR ISP 3V3","Connector_PinHeader_2.54mm:PinHeader_2x03_P2.54mm_Vertical","Samtec","TSW-103-07-G-D","","","1","","Samtec","TSW-103-07-G-D","","Male 2x3 header; verify finished-hole fit with assembler.","https://suddendocs.samtec.com/prints/tsw-xxx-xx-xxx-x-xx-xxx-mkt.pdf",""
"JP1","RELAY BYPASS","S660-PDB:Phoenix_MKDS_1_2_3.5_1751248","Phoenix Contact","1751248","","C89122","1","","Phoenix Contact","1751248","C89122","Fit terminal block. Leave OPEN: no bypass wire or short.","https://www.farnell.com/datasheets/2322647.pdf",""
"K1","G2RL-1A DC12","Relay_THT:Relay_SPST_Omron_G2RL-1A","Omron","G2RL-1A DC12","","C1524657","1","","Omron","G2RL-1A DC12","C1524657","","https://components.omron.com/sites/default/files/datasheet_pdf/CDPA-001.pdf",""
"LED1","LED 3mm","LED_THT:LED_D3.0mm","Kingbright","WP3A8ID","","","1","","Kingbright","WP3A8ID","","Red 3 mm LED; pad 1 cathode.","https://www.kingbrightusa.com/images/catalog/SPEC/WP3A8ID.pdf",""
"LED2","LED 3mm","LED_THT:LED_D3.0mm","Kingbright","WP3A8ID","","","1","","Kingbright","WP3A8ID","","Red 3 mm LED; pad 1 cathode.","https://www.kingbrightusa.com/images/catalog/SPEC/WP3A8ID.pdf",""
"LED3","LED 3mm","LED_THT:LED_D3.0mm","Kingbright","WP3A8ID","","","1","","Kingbright","WP3A8ID","","Red 3 mm LED; pad 1 cathode.","https://www.kingbrightusa.com/images/catalog/SPEC/WP3A8ID.pdf",""
"Q2","BC337-40","Package_TO_SOT_THT:TO-92_Inline_Wide","Diotec Semiconductor","BC337-40","","","1","","Diotec Semiconductor","BC337-40","","Pads 1 C, 2 B, 3 E. 2.54 mm pitch; confirm lead forming.","https://diotec.com/tl_files/diotec/files/pdf/datasheets/bc337.pdf",""
"Q3","2N7000","Package_TO_SOT_THT:TO-92_Inline_Wide","Diotec Semiconductor","2N7000","","","1","","Diotec Semiconductor","2N7000","","Pads 1 S, 2 G, 3 D. 2.54 mm pitch.","https://diotec.com/tl_files/diotec/files/pdf/datasheets/2n7000.pdf",""
"R1","68k","Resistor_THT:R_Axial_DIN0207_L6.3mm_D2.5mm_P10.16mm_Horizontal","Yageo","MFR-25FBF52-68K","","","1","","Yageo","MFR-25FBF52-68K","","1%, 0.25 W; form axial leads to 10.16 mm.","https://yageogroup.com/content/datasheet/asset/file/YAGEO-MFR_DATASHEET",""
"R2","15k","Resistor_THT:R_Axial_DIN0207_L6.3mm_D2.5mm_P10.16mm_Horizontal","Yageo","MFR-25FBF52-15K","","C3556390","1","","Yageo","MFR-25FBF52-15K","C3556390","1%, 0.25 W; form axial leads to 10.16 mm.","https://yageogroup.com/content/datasheet/asset/file/YAGEO-MFR_DATASHEET",""
"R3","1k","Resistor_THT:R_Axial_DIN0207_L6.3mm_D2.5mm_P10.16mm_Horizontal","Yageo","MFR-25FBF52-1K","","C1364484","1","","Yageo","MFR-25FBF52-1K","C1364484","1%, 0.25 W; form axial leads to 10.16 mm.","https://yageogroup.com/content/datasheet/asset/file/YAGEO-MFR_DATASHEET",""
"R4","100R","Resistor_THT:R_Axial_DIN0207_L6.3mm_D2.5mm_P10.16mm_Horizontal","Yageo","MFR-25FBF52-100R","","","1","","Yageo","MFR-25FBF52-100R","","1%, 0.25 W; form axial leads to 10.16 mm.","https://yageogroup.com/content/datasheet/asset/file/YAGEO-MFR_DATASHEET",""
"R5","10k","Resistor_THT:R_Axial_DIN0207_L6.3mm_D2.5mm_P10.16mm_Horizontal","Yageo","MFR-25FBF52-10K","","C1519255","1","","Yageo","MFR-25FBF52-10K","C1519255","1%, 0.25 W; form axial leads to 10.16 mm.","https://yageogroup.com/content/datasheet/asset/file/YAGEO-MFR_DATASHEET",""
"R6","2.2k","Resistor_THT:R_Axial_DIN0207_L6.3mm_D2.5mm_P10.16mm_Horizontal","Yageo","MFR-25FBF52-2K2","","","1","","Yageo","MFR-25FBF52-2K2","","1%, 0.25 W; form axial leads to 10.16 mm.","https://yageogroup.com/content/datasheet/asset/file/YAGEO-MFR_DATASHEET",""
"R7","1k","Resistor_THT:R_Axial_DIN0207_L6.3mm_D2.5mm_P10.16mm_Horizontal","Yageo","MFR-25FBF52-1K","","C1364484","1","","Yageo","MFR-25FBF52-1K","C1364484","1%, 0.25 W; form axial leads to 10.16 mm.","https://yageogroup.com/content/datasheet/asset/file/YAGEO-MFR_DATASHEET",""
"R8","1k","Resistor_THT:R_Axial_DIN0207_L6.3mm_D2.5mm_P10.16mm_Horizontal","Yageo","MFR-25FBF52-1K","","C1364484","1","","Yageo","MFR-25FBF52-1K","C1364484","1%, 0.25 W; form axial leads to 10.16 mm.","https://yageogroup.com/content/datasheet/asset/file/YAGEO-MFR_DATASHEET",""
"R9","1k","Resistor_THT:R_Axial_DIN0207_L6.3mm_D2.5mm_P10.16mm_Horizontal","Yageo","MFR-25FBF52-1K","","C1364484","1","","Yageo","MFR-25FBF52-1K","C1364484","1%, 0.25 W; form axial leads to 10.16 mm.","https://yageogroup.com/content/datasheet/asset/file/YAGEO-MFR_DATASHEET",""
"R11","10k","Resistor_THT:R_Axial_DIN0207_L6.3mm_D2.5mm_P10.16mm_Horizontal","Yageo","MFR-25FBF52-10K","","C1519255","1","","Yageo","MFR-25FBF52-10K","C1519255","1%, 0.25 W; form axial leads to 10.16 mm.","https://yageogroup.com/content/datasheet/asset/file/YAGEO-MFR_DATASHEET",""
"R12","10k","Resistor_THT:R_Axial_DIN0207_L6.3mm_D2.5mm_P10.16mm_Horizontal","Yageo","MFR-25FBF52-10K","","C1519255","1","","Yageo","MFR-25FBF52-10K","C1519255","1%, 0.25 W; form axial leads to 10.16 mm.","https://yageogroup.com/content/datasheet/asset/file/YAGEO-MFR_DATASHEET",""
"R13","1k","Resistor_THT:R_Axial_DIN0207_L6.3mm_D2.5mm_P10.16mm_Horizontal","Yageo","MFR-25FBF52-1K","","C1364484","1","","Yageo","MFR-25FBF52-1K","C1364484","1%, 0.25 W; form axial leads to 10.16 mm.","https://yageogroup.com/content/datasheet/asset/file/YAGEO-MFR_DATASHEET",""
"R14","2.2k","Resistor_THT:R_Axial_DIN0207_L6.3mm_D2.5mm_P10.16mm_Horizontal","Yageo","MFR-25FBF52-2K2","","","1","","Yageo","MFR-25FBF52-2K2","","1%, 0.25 W; form axial leads to 10.16 mm.","https://yageogroup.com/content/datasheet/asset/file/YAGEO-MFR_DATASHEET",""
"R15","2.2k","Resistor_THT:R_Axial_DIN0207_L6.3mm_D2.5mm_P10.16mm_Horizontal","Yageo","MFR-25FBF52-2K2","","","1","","Yageo","MFR-25FBF52-2K2","","1%, 0.25 W; form axial leads to 10.16 mm.","https://yageogroup.com/content/datasheet/asset/file/YAGEO-MFR_DATASHEET",""
"R16","1k","Resistor_THT:R_Axial_DIN0207_L6.3mm_D2.5mm_P10.16mm_Horizontal","Yageo","MFR-25FBF52-1K","","C1364484","1","","Yageo","MFR-25FBF52-1K","C1364484","1%, 0.25 W; form axial leads to 10.16 mm.","https://yageogroup.com/content/datasheet/asset/file/YAGEO-MFR_DATASHEET",""
"R17","1k","Resistor_THT:R_Axial_DIN0207_L6.3mm_D2.5mm_P10.16mm_Horizontal","Yageo","MFR-25FBF52-1K","","C1364484","1","","Yageo","MFR-25FBF52-1K","C1364484","1%, 0.25 W; form axial leads to 10.16 mm.","https://yageogroup.com/content/datasheet/asset/file/YAGEO-MFR_DATASHEET",""
"R18","1k","Resistor_THT:R_Axial_DIN0207_L6.3mm_D2.5mm_P10.16mm_Horizontal","Yageo","MFR-25FBF52-1K","","C1364484","1","","Yageo","MFR-25FBF52-1K","C1364484","1%, 0.25 W; form axial leads to 10.16 mm.","https://yageogroup.com/content/datasheet/asset/file/YAGEO-MFR_DATASHEET",""
"R19","1k","Resistor_THT:R_Axial_DIN0207_L6.3mm_D2.5mm_P10.16mm_Horizontal","Yageo","MFR-25FBF52-1K","","C1364484","1","","Yageo","MFR-25FBF52-1K","C1364484","1%, 0.25 W; form axial leads to 10.16 mm.","https://yageogroup.com/content/datasheet/asset/file/YAGEO-MFR_DATASHEET",""
"R20","1R","Resistor_THT:R_Axial_DIN0207_L6.3mm_D2.5mm_P10.16mm_Horizontal","Vishay","MRS25000C1008FCT00","","","1","","Vishay","MRS25000C1008FCT00","","","https://www.vishay.com/docs/28724/mrs16m25.pdf",""
"SW1","PUSH TO TEST","Button_Switch_THT:SW_PUSH_6mm_H4.3mm","Omron","B3F-1000","","C93157","1","","Omron","B3F-1000","C93157","","https://omronfs.omron.com/en_US/ecb/products/pdf/en-b3f.pdf",""
"TP1","SHDN_REQ spare","TestPoint:TestPoint_Pad_D1.5mm","","","","","1","","","","","","",""
"U1","ATtiny85-20P","Package_DIP:DIP-8_W7.62mm","Microchip","ATTINY85-20PU","","C965497","1","","ASSMANN WSW Components","A 08-LC-TT","C3170386","ASSEMBLY OVERRIDE: fit socket only; owner inserts ATtiny85. Do not procure or solder MCU.","http://ww1.microchip.com/downloads/en/DeviceDoc/atmel-2586-avr-8-bit-microcontroller-attiny25-attiny45-attiny85_datasheet.pdf","https://www.assmann-wsw.com/uploads/datasheets/ASS_0810_CO.pdf"
"U2","LM2936Z-3.3","Package_TO_SOT_THT:TO-92_Inline_Wide","Texas Instruments","LM2936Z-3.3/NOPB","","","1","","Texas Instruments","LM2936Z-3.3/NOPB","","3.3 V variant only; pads 1 OUT, 2 GND, 3 IN. Form leads to 2.54 mm.","https://www.ti.com/lit/ds/symlink/lm2936.pdf",""
"U3","PC817","Package_DIP:DIP-4_W7.62mm","Isocom Components","ISP817X","","","1","","Isocom Components","ISP817X","","DIP-4 7.62 mm; pads 1 A, 2 K, 3 E, 4 C.","https://isocom.com/wp-content/uploads/2026/04/DE93307-ISP817_827_847-220523.pdf",""
"Z2","BZX55C3V6","Diode_THT:D_DO-35_SOD27_P7.62mm_Horizontal","Vishay","BZX55C3V6-TAP","","","1","","Vishay","BZX55C3V6-TAP","","","https://www.vishay.com/docs/85604/bzx55.pdf",""
